immunotherapy,1
cats,5
drug,13
over,4
pregnancy,3
food,7
baby,1
arm,1
lymph,1
sinus,3
swelling,11
dizziness,2
memory,1
mold,2
pets,1
shellfish,5
asthma,5
injection,7
sulfur,1
fish,1
oil,2
blood,1
period,2
coldness,9
stuffy,2
dog,3
mite,1
peanut,2
peanut,4
reaction,5
vaccines,2
cough,8
antibiotic,6
eyes,13
fever,5
impetigo,1
neck,2
shoulder,1
nasal,3
antidepressant,1
exercise,1
headache,1
weakness,1
mouth,2
nose,12
sore,2
throat,7
diet,5
milk,2
anaphylaxis,1
egg,1
lump,1
shock,2
acne,1
ears,2
tinnitus,1
flu,1
soy,2
vagina,1
yeast,2
hives,3
shingles,1
welt,1
air,1
blood,1
cramps,1
diarrhea,1
eyelid,2
mucus,5
pink,1
hay,2
runny,4
watery,1
hand,3
fingernail,1
scrape,1
sweating,1
dairy,1
drinking,2
sinus,8
vision,6
penis,1
h,1
hormone,1
orgasm,1
bacterium,1
drainage,4
virus,1
chest,4
lightheadedness,1
tightness,1
vomit,1
cold,1
acetaminophen,2
ankle,1
sprain,1
running,3
spitting,1
biopsy,1
burn,6
inflammation,1
lip,2
amoxicillin,2
cephalexin,1
ibuprofen,1
honey,1
cavity,1
tooth,2
x,2
electrogastrogram,1
tetanus,1
vaccination,1
whooping,1
hair,2
postpartum,1
tattoo,1
congestive,1
kidney,1
rash,2
thigh,1
walking,3
high,1
penicillin,3
medicare,1
jaw,1
pain,3
family,1
allergic,3
tongue,2
pneumonia,1
pork,2
wheat,1
nausea,1
stomach,3
immunization,1
exercise,1
immune,1
lung,1
movement,1
fear,1
itch,2
urination,1
skin,2
syrup,2
aloe,1
vitamin,1
zinc,1
cyst,1
foot,1
long,1
sting,1
mood,1
laryngitis,1
vertigo,1
steroid,1
almond,2
lotion,1
ear,1
meat,1
tick,1
maple,1
scalp,1
celiac,1
failure,1
food,1
weight,1
knee,1
poisoning,1
tonsil,1
soy,1
prostate,1
erectile,1
erection,1
sexual,1
bronchitis,1
fruit,1
vegetable,1
anger,1
sausage,1
insurance,1
