liver,15
fatigue,6
stress,1
exercise,1
nutrition,1
scrotum,1
colonoscopy,4
polyp,4
fruit,1
heart,1
vegetable,1
esophagus,3
anemia,1
pancreatic,3
breast,1
family,10
weight,1
penis,2
virus,3
wart,4
jaw,1
nightmare,1
colon,4
pain,17
swelling,6
lung,3
x,2
healing,1
lip,4
mouth,5
skin,4
benign,3
brain,2
chemotherapy,7
head,1
surgery,9
chest,1
smoking,4
cyst,7
hysterectomy,4
ultrasound,2
ears,4
itch,2
sore,2
vision,10
colon,4
mucus,2
lump,19
tumor,8
eyes,3
massage,1
pea,3
cervix,4
ovary,3
uterus,4
belly,2
muscle,2
organ,2
biopsy,8
breast,9
fear,4
breast,8
drug,3
pressure,1
merkel,1
skin,8
armpit,5
blood,1
diabetes,1
spine,2
blister,1
ulcer,1
digestive,1
juice,1
lemon,1
running,2
bone,1
blood,2
salivary,1
human,6
pap,4
hernia,2
leg,2
syphilis,1
testicle,8
foot,1
hand,3
sexual,8
cough,1
flu,3
prostate,3
prostate,1
period,3
sexually,1
cervical,2
pelvic,1
dementia,1
confusion,2
tongue,4
dysplasia,1
tobacco,3
acetaminophen,1
grief,1
bladder,2
drowsiness,1
stomach,4
taste,1
diet,2
injection,2
insurance,2
high,1
testosterone,2
puberty,1
prostate,7
thallium,1
tofu,1
tenderness,2
coldness,1
urination,4
waist,1
concentration,1
crying,1
lung,4
methadone,1
hormone,3
supplement,2
ovarian,3
tonsil,1
endometrium,2
pregnancy,1
drainage,3
sarcoma,1
vaccines,1
birth,1
birth,1
libido,1
rice,1
testicular,1
undescended,1
feeding,2
seeds,1
medicare,1
throat,7
movement,1
nipple,2
buttocks,1
glaucoma,1
yeast,2
kidney,1
keloid,1
oxycodone,1
sinus,1
sore,1
lymph,2
metastasis,1
neck,6
antibiotic,2
cellulitis,1
soy,2
hypothyroidism,1
thyroid,2
exposure,1
fever,2
sperm,1
food,2
meat,1
plant,1
protein,1
cirrhosis,3
kidney,4
bartholin,1
walnut,1
spinal,1
vaccination,2
pancreatitis,2
rectum,1
masturbation,1
uterine,1
vagina,2
arm,3
diarrhea,1
alcoholism,1
vomit,1
aggression,1
tea,1
anti,1
prostatitis,1
burn,1
ejaculation,2
sweating,1
blood,1
myeloma,1
back,1
stomach,3
yoga,1
vaginal,1
pancreas,1
magnesium,1
potassium,1
hemorrhoid,1
intestine,1
calcium,1
orgasm,1
birth,1
garlic,1
scar,1
ankle,1
tremor,1
niacin,1
radiation,1
anxiety,1
menopause,1
vocal,1
mole,1
immunotherapy,1
bruise,1
hiccup,1
leukoplakia,1
whitehead,1
