constipation,10
over,5
vomit,25
infant,2
travelers,12
drug,3
diet,4
infection,1
antibiotic,7
vision,12
stomach,42
irritable,4
menopause,1
perimenopause,1
pedialyte,2
toddler,2
flu,3
rectum,1
bowel,18
bacterium,1
drinking,9
insulin,1
cramps,12
nausea,21
dog,1
leg,4
virus,6
bladder,1
knee,2
pacemaker,1
surgery,4
fatigue,6
onion,1
sour,1
insurance,1
movement,7
food,3
birth,1
acne,1
hot,2
colon,2
pain,22
temperature,1
coldness,3
skin,4
fever,12
gallbladder,2
smell,4
ears,2
yogurt,3
salt,1
headache,4
blood,2
allergy,1
weight,2
swelling,3
testicle,2
bloating,6
flatulence,3
spasm,1
gastroenteritis,3
diabetes,2
colonoscopy,5
esophagogastroduodenoscopy,1
lactose,1
cyst,2
penicillin,1
throat,2
burn,5
cough,2
baby,3
pregnancy,4
sore,1
eyes,1
injection,1
abdominal,5
food,12
heartburn,1
mouth,1
urination,2
anus,3
pressure,2
tenderness,2
colposcopy,1
intestine,4
meal,4
dizziness,2
lightheadedness,1
circulation,1
calf,1
ankle,1
arm,3
hair,1
sweating,5
lump,1
rash,1
tongue,1
endoscopy,2
morphine,1
ultrasound,2
drowsiness,1
mucus,5
welt,1
weakness,3
fish,1
period,5
birth,1
breast,1
hunger,2
weight,1
ingrown,1
fear,2
worm,1
appendix,1
hand,1
ovary,4
confusion,1
blood,1
head,1
lactose,1
migraine,1
weight,2
electrogastrogram,1
cat,1
taste,1
walking,1
inhaler,1
sting,1
coffee,2
exercise,1
glycerin,1
metamucil,1
honey,1
vinegar,1
fruit,1
short,2
carrot,1
vegetable,1
pizza,1
supplement,1
pelvis,1
hemorrhoid,1
jelly,1
acetaminophen,1
ibuprofen,1
urethra,1
diaper,1
crying,1
amoxicillin,1
lip,1
oil,1
olive,1
heart,1
low,1
milk,1
soy,1
blood,1
sinus,1
pelvic,2
rice,1
back,3
running,2
caffeine,1
lobster,1
dehydration,2
nervousness,1
family,1
knee,1
anxiety,2
makeup,1
lettuce,2
finger,1
hemoglobin,1
nail,1
stool,1
cancer,1
drainage,1
pancreatic,2
condom,1
ejaculation,1
yeast,1
yeast,1
peanut,1
insomnia,1
gastritis,1
healing,2
penis,1
tooth,1
libido,1
mood,1
cats,1
biopsy,1
itch,1
scrotum,1
liver,1
panic,1
