muscle,21
breast,1
cancer,1
vagina,3
diet,49
cellulite,1
meal,9
pelvis,4
menopause,1
headache,4
knee,17
fibromyalgia,4
workout,14
pain,39
surgery,10
healthy,10
polycystic,1
drug,2
blood,4
vision,14
asthma,3
tendonitis,4
attention,2
beta,2
pulse,4
travel,2
fracture,3
skin,7
baby,1
multivitamin,2
allergy,1
diabetes,6
insulin,3
coldness,10
birth,2
pregnancy,9
pregnancy,1
stress,9
coffee,5
tenderness,1
throat,2
weight,57
sleepiness,1
food,22
puberty,1
soda,2
drinking,9
chest,10
family,2
metabolism,3
thyroid,4
corpulence,12
weight,13
waist,6
dizziness,7
eyes,2
hand,4
heart,2
triglyceride,1
walking,37
rhinoplasty,1
running,21
immune,2
south,1
calcium,2
ankle,9
alcoholic,1
ultrasound,1
depression,4
blood,9
heart,11
smoking,6
congestive,1
neck,2
penis,1
shoulder,3
breast,2
insurance,2
quit,1
fear,4
epidural,1
birth,1
stomach,8
height,7
dark,1
craving,1
thigh,5
ear,1
cephalexin,1
leg,17
fish,1
herb,1
hunger,4
head,3
lung,4
heart,2
period,7
short,2
urination,2
prenatal,2
foot,13
heel,3
sweating,3
stent,1
cuts,1
gastric,2
yeast,3
herniated,1
high,2
cough,4
chronic,1
nightmare,2
physical,4
fatigue,1
heartburn,1
pilates,1
spinal,2
vertebra,1
squash,1
caffeine,3
meditation,3
diet,1
calorie,14
burn,3
limb,1
numbness,1
confusion,4
ovulation,1
yoga,3
anxiety,2
spit,1
vomit,1
antibiotic,2
sinus,1
migraine,2
colon,1
massage,1
painkiller,1
plantar,1
injury,5
pneumonia,1
spinal,1
lightheadedness,3
shin,2
swelling,3
bruise,3
knee,2
ligament,2
fruit,2
potato,1
rice,1
vegetable,2
fiber,2
tea,1
target,1
irregularity,2
spotting,1
bloating,4
movement,6
pressure,2
fuzziness,1
fitness,2
injection,2
drowsiness,2
vitamin,1
osteoarthritis,2
thumb,1
ear,1
treadmill,2
big,1
toe,1
supplement,1
obesity,3
bells,1
facial,1
nipple,1
pickle,1
tomato,1
orgasm,1
sexual,3
arm,6
sadness,1
weight,2
tendon,1
arthroscopy,1
rotator,1
cholesterol,4
calf,2
forearm,1
gastritis,1
appendix,1
masturbation,2
folic,1
sprain,1
weakness,1
back,2
potassium,1
emergency,1
finger,1
lump,2
eating,1
pasta,1
sunburn,1
sunscreen,1
cold,1
protein,2
yogurt,1
diarrhea,1
glycerin,1
metamucil,1
anger,1
urethra,1
drug,1
niacin,1
dyslexia,1
bowel,1
asthma,1
hyperhidrosis,1
ice,1
meat,1
tampon,1
tachycardia,1
panic,2
irritability,1
exercise,2
shoulder,2
prostate,1
blood,3
artery,1
salad,1
buttocks,1
vein,1
fasciitis,1
kidney,1
hormone,1
tumor,1
ankle,1
sore,1
heel,1
itch,2
rash,1
bladder,2
drainage,1
electrolyte,1
hike,1
snack,1
scoliosis,1
tinnitus,1
overactive,1
bicep,1
jock,1
immunodeficiency,1
echocardiogram,1
enema,1
fecal,1
nausea,1
rectum,1
arthritis,1
inhaler,2
testicle,3
tightness,2
stitches,1
mouth,1
taste,1
arrhythmia,1
morbid,1
nerve,1
ejaculation,1
scar,2
heart,1
anus,1
staph,1
salt,1
hair,1
circulation,1
hiatal,1
ovary,1
crying,1
erectile,1
testosterone,2
sinus,1
jaw,1
hysterectomy,1
flu,1
