menstrual,2
period,87
ovary,4
pregnancy,96
ovulation,1
sexual,47
ejaculation,13
cramps,10
fertility,13
confusion,4
short,1
vision,5
irregularity,5
surgery,1
nausea,5
lightheadedness,1
birth,15
muscle,1
tightness,2
pregnancy,9
spotting,13
folic,1
drinking,1
smoking,1
breast,7
painful,1
hand,5
abdominal,1
fatigue,1
dizziness,1
exercise,1
yoga,1
baby,5
tenderness,3
nipple,2
pain,7
pelvic,2
bowel,1
taste,1
sperm,3
electrogastrogram,2
birth,2
injection,1
depo,1
mucus,1
headache,1
paranoid,1
stress,2
condom,5
ovulation,2
anus,1
yeast,2
nose,1
miscarriage,1
epistaxis,1
vagina,2
hair,1
hair,1
menopause,2
head,1
pressure,1
sweating,1
urination,1
nerve,1
blood,1
stomachache,1
estrogen,1
back,2
hysterectomy,1
cervix,2
polyp,1
penis,4
stomach,4
hunger,1
hormone,1
cortisone,1
bloating,1
bacterium,1
movement,1
orgasm,1
organ,1
ovulation,1
burn,1
temperature,1
tubal,1
