vitiligo,3
lump,25
breast,12
diet,8
hand,35
blister,21
tongue,3
pain,39
oxycodone,2
over,8
infection,3
drug,5
rash,48
leg,38
eyes,21
nicotine,1
hair,21
benzoyl,1
rosacea,2
arm,37
smell,3
makeup,4
acne,27
sunscreen,6
vitamin,1
atopic,4
itch,43
insurance,7
tattoo,2
vision,38
piercing,4
belly,6
chemotherapy,2
shaving,3
baby,8
food,7
surgery,7
fracture,3
collagen,3
anti,3
vitamin,2
wrinkle,10
neck,14
aging,5
estrogen,4
pregnancy,9
hyperpigmentation,1
psoriasis,3
forehead,7
ears,6
dry,8
jaw,2
scar,8
reaction,8
stomach,12
eyelid,4
olive,3
tuberculosis,1
amoxicillin,1
lupus,1
hydrocortisone,2
plastic,1
cold,2
canker,1
foot,21
lotion,13
oil,2
condom,2
swelling,21
finger,19
diabetes,6
big,3
toe,5
forearm,4
period,7
drinking,5
tooth,4
mouth,12
lip,12
healing,18
birth,1
quit,2
chest,7
smoking,2
shingles,3
nerve,1
little,1
fingernail,2
menopause,3
armpit,8
nose,14
adult,2
meat,4
knee,7
liver,1
whitehead,4
exercise,7
grief,2
oatmeal,1
molar,2
oral,1
lemon,4
hormone,2
exposure,2
puffiness,3
ankle,7
amyloidosis,1
cosmetic,1
liver,2
coffee,1
birthmark,1
throat,1
cyst,9
bruise,12
pore,6
soda,1
sweating,9
heart,1
fear,8
thumb,9
herpes,11
allergic,4
mucus,1
sting,8
nipple,8
puberty,1
penis,63
erection,3
ejaculation,3
antibiotic,6
chlamydia,2
pea,8
salt,1
movement,18
athletes,1
taste,1
vagina,18
edema,1
anus,10
paranoid,1
milk,1
bacterium,6
urethra,3
ultrasound,1
injury,7
wound,8
nail,10
weight,2
thigh,12
lactose,1
thyroid,1
thyroid,3
obesity,2
mold,1
lap,1
wine,1
wart,6
wrist,4
grape,1
running,5
fever,7
diarrhea,4
coldness,13
temperature,2
hemoglobin,1
dehydration,3
confusion,3
thirst,1
circumcision,12
poisoning,1
liposuction,2
merkel,1
cancer,8
breast,2
head,24
yeast,2
scalp,6
stroke,2
staph,2
nausea,2
lymph,4
fatigue,2
burn,25
walking,10
newborn,2
weight,5
hallucination,1
blood,1
mole,2
skin,2
genitalia,4
buttocks,4
polycystic,1
ovary,1
blood,2
weight,5
foreskin,7
breastfeed,1
onion,1
calcium,1
laparoscopy,1
masturbation,8
sexually,6
tenderness,8
puncture,1
scabies,4
family,2
sore,2
pressure,8
brain,2
pregnancy,1
drowsiness,2
stress,5
vitamin,2
irritable,1
urination,4
sexual,12
vaginal,2
juice,2
post,1
sunburn,6
nervousness,4
keratosis,2
yeast,4
inflammation,3
turkey,1
tightness,4
hernia,2
headache,2
torso,1
balanitis,1
eyebrow,2
vein,2
genital,3
wound,1
tailbone,1
ingrown,1
hiv,1
birth,1
pork,1
paralysis,1
baldness,1
ibuprofen,1
thyroid,1
rectum,2
methicillin,1
drainage,4
abscess,1
vomit,1
corpulence,2
vinegar,1
shoulder,1
pancreas,1
cough,1
testicle,3
steroid,2
pear,1
scrape,2
ringworm,4
mononucleosis,1
morbid,1
stretch,1
clitoris,5
shoulder,6
blood,2
diaper,1
hemmorhoid,2
anal,1
cortisone,4
sulfur,1
muscle,5
lyme,1
bee,1
cradle,2
spider,1
gonorrhea,1
kidney,1
swimmers,1
numbness,1
coconut,1
ammonia,1
heart,1
transcutaneous,1
blood,1
syrup,2
type,1
rice,1
breast,1
pelvic,1
egg,1
anger,1
wrist,1
grayness,2
stitches,2
birth,2
vitamin,6
hydrocodone,1
acetaminophen,1
colonoscopy,1
multivitamin,1
feeding,1
insect,1
hemorrhoid,2
allergy,2
scrotum,1
hormone,1
hives,4
vitamin,1
kidney,1
eye,1
meningitis,1
virus,1
back,1
healthy,1
thrush,1
dog,2
impetigo,1
dermatitis,3
melatonin,1
massage,2
elbow,3
wisdom,1
emergency,1
fibromyalgia,2
arthritis,2
fruit,1
melanoma,1
welt,2
spasm,1
motion,1
waist,1
heat,1
boil,2
calamine,1
sperm,1
pressure,1
sweet,1
tick,2
anxiety,1
skin,1
stent,1
molluscum,1
aspirin,1
irregularity,1
cats,1
jaundice,1
tampon,1
cuts,1
graft,1
protein,1
immune,1
weakness,1
bacitracin,1
vaginal,1
blepharitis,1
asthma,1
zinc,1
cholesterol,1
