bloating,27
cellulite,1
over,3
pain,152
itch,2
prenatal,2
drug,10
nausea,55
lightheadedness,2
dizziness,11
chest,27
headache,20
ulcer,15
skin,12
pregnancy,58
cramps,34
panic,5
stress,8
iron,3
food,30
diarrhea,42
vomit,36
antibiotic,7
milk,6
naproxen,1
waist,3
cuts,2
birth,5
supplement,3
period,46
meal,11
ultrasound,5
heartburn,6
heart,9
anxiety,6
breast,22
surgery,15
enema,2
back,10
vision,27
walking,10
lung,3
x,4
nerve,1
tooth,6
toothache,1
bowel,17
fever,30
weight,7
nose,4
crying,5
hypothyroidism,1
anti,1
gallstone,2
forehead,1
arm,8
hydrocortisone,1
hormone,2
fatigue,5
spotting,4
baby,15
diet,19
virus,12
drinking,33
swallow,6
hunger,15
tightness,4
concussion,1
hernia,3
head,14
abdominal,1
protein,3
weight,8
coldness,6
sour,1
onion,1
snack,1
ribcage,4
irregularity,6
emergency,2
constipation,6
esophagus,1
swelling,17
miscarriage,3
digestive,1
pregnancy,9
birth,14
menstrual,2
eyes,6
intestine,11
belly,12
soda,2
testicle,2
newborn,1
lactose,4
nipple,4
tenderness,10
atherosclerosis,1
angina,1
muscle,6
anus,6
wheat,1
whole,1
gallbladder,7
cholesterol,1
appendix,4
small,2
large,1
blood,1
angioplasty,1
thyroid,5
endoscopy,6
diabetes,2
colonoscopy,6
soup,1
lymph,4
temperature,3
shoulder,4
numbness,2
leg,11
urination,6
flu,3
cold,1
bacterium,3
confusion,3
vein,1
healing,3
fear,3
exercise,8
indigestion,1
blood,6
abdominal,7
hand,7
liver,6
movement,28
weight,12
poisoning,1
cortisol,1
dog,5
tubal,1
uterus,3
coffee,1
caffeine,3
fetus,1
spasm,2
flatulence,9
gastroenteritis,3
esophagogastroduodenoscopy,1
grief,1
sexual,15
paranoia,1
ovary,1
cyst,2
cooking,1
antidepressant,1
drowsiness,5
gastritis,4
travel,1
limb,2
mouth,6
finger,1
hot,1
torso,2
cough,4
weakness,11
sting,2
sinus,1
knee,1
smell,6
yeast,2
rash,7
ibuprofen,1
running,6
vinegar,1
cranberry,1
colposcopy,1
hysterectomy,1
fiber,2
pupil,1
attention,1
neck,9
paraplegia,1
family,5
smoking,4
orange,3
diverticulitis,2
condom,2
collarbone,1
dairy,1
hypoglycemia,1
hydrocodone,1
cluster,1
heel,1
foot,4
mucus,6
lemon,1
juice,3
spider,1
feeding,4
acetaminophen,1
insulin,1
injection,2
thigh,3
soy,2
vitamin,4
physical,1
toddler,1
acne,1
gastric,2
quit,2
sweating,7
taste,3
tapeworm,1
cervix,2
tonsil,1
craving,2
kiwi,1
calorie,3
workout,3
post,1
painkiller,1
ingrown,1
chronic,1
electrocardiogram,1
hives,2
premenstrual,1
worm,1
tick,2
cancer,4
burn,14
conception,1
migraine,4
dehydration,2
varicose,1
throat,4
oxycodone,1
sinus,2
ears,1
mood,5
rectum,3
placenta,1
bruise,2
electrogastrogram,1
toe,1
sleepiness,2
sperm,2
tea,2
paranoid,1
morphine,1
seizure,1
calcium,2
b12,1
testosterone,1
staph,1
antibiotic,1
rice,3
cereal,2
yoga,1
inflammation,3
vasculitis,1
ejaculation,3
stretch,1
pelvic,1
elbow,2
zinc,1
appendicitis,1
thrush,1
jaundice,1
blood,1
type,1
artery,1
birth,1
allergy,3
alcoholism,1
diaphragm,1
reflex,1
pumpkin,1
pie,1
hair,2
yogurt,2
short,2
penis,1
foreskin,1
bladder,3
wrist,1
ice,1
mold,1
aspiration,1
cold,1
masturbation,2
menopause,2
vagina,3
transfusion,1
pressure,3
lactose,2
sadness,1
erosion,1
stroke,1
knee,1
diverticulosis,1
medicare,1
sore,1
tongue,1
anger,2
cortisone,1
anal,1
cirrhosis,1
kidney,1
anemia,1
hemorrhoid,1
lettuce,2
arthritis,1
stomach,6
pancreatic,1
shingles,2
stool,1
irritable,4
lump,2
hair,1
marijuana,1
lung,1
pancreatitis,1
acute,1
dry,1
peanut,1
scar,1
poison,1
teething,1
poison,1
high,1
heart,1
ovulation,4
fertility,1
lip,1
colon,1
belch,2
vegetable,1
dysentery,1
nephrectomy,1
colitis,1
fruit,2
pelvis,1
kidney,1
biopsy,2
insurance,1
insomnia,1
chemotherapy,1
blood,1
splint,1
shin,1
nervousness,1
mite,1
erectile,1
dry,1
inhaler,1
sausage,1
pork,1
piercing,1
infant,1
