vagina,15
weight,2
masturbation,6
smell,11
pregnancy,15
pelvic,1
cyst,2
bowel,4
urethra,8
pain,53
coldness,4
anxiety,1
bladder,13
testicle,8
walking,3
kidney,9
antibiotic,10
fever,9
testosterone,2
surgery,7
stent,1
leg,3
food,4
dizziness,1
weight,1
swelling,7
stomach,6
vision,6
prostate,2
itch,2
milk,2
drinking,16
fear,3
family,1
cervical,1
virus,1
pregnancy,5
genitalia,2
ejaculation,13
sexual,14
gonorrhea,1
period,12
std,1
penis,24
headache,6
turkey,1
oatmeal,1
nausea,4
movement,6
muscle,1
short,2
running,2
exercise,2
corpulence,3
vomit,2
burn,24
ultrasound,1
sexually,6
ovary,2
spotting,5
healing,1
hair,2
anus,2
pressure,7
vaginal,3
polycystic,1
orange,1
endometriosis,1
skin,4
irritable,1
diarrhea,2
weakness,1
gallbladder,1
kidney,6
flour,1
mucus,2
egg,2
birth,1
hip,1
thirst,6
high,1
sting,2
condom,1
menopause,1
chlamydia,2
toddler,1
protein,1
spit,1
emergency,1
catheter,3
erection,3
tightness,1
bloating,1
birth,2
irregularity,1
bacterial,2
numbness,3
herpes,1
fatigue,2
baby,2
stitches,1
circumcision,1
orgasm,2
over,1
clitoris,1
yeast,4
abdominal,2
coffee,3
scar,2
appendectomy,1
drowsiness,1
caffeine,1
lemon,1
diet,1
congestive,1
cancer,4
waist,1
hand,1
tampon,2
cramps,2
mouth,3
injury,1
bruise,2
hernia,1
back,3
constipation,2
x,1
ovulation,1
paranoid,2
oxygen,1
hyperventilation,1
heart,2
tenderness,1
allergy,1
urinalysis,1
salt,1
ankle,1
lump,1
genital,1
cold,1
tremor,1
hernia,1
belly,2
shoulder,1
diabetes,2
thumb,2
meditation,2
ammonia,1
sore,1
head,2
vitamin,1
prostatitis,1
anti,1
prostate,1
appendix,1
supplement,2
potassium,1
iron,1
anemia,1
wart,1
lip,1
oil,1
massage,1
balanitis,1
bladder,1
arm,1
soda,1
sperm,3
foreskin,1
yeast,1
throat,1
dry,1
inflammation,1
rectum,1
fistula,1
feeding,1
cats,1
