topicId,topicName
abdominal-hernia-questions,Abdominal Hernia
abdominal-muscles-questions,Abdominal Muscles
abdominal-obesity-questions,Abdominal Obesity
abdominal-pain-questions,Abdominal Pain
abdominal-surgery-questions,Abdominal Surgery
ablation-questions,Ablation
abortion-questions,Abortion
abscess-questions,Abscess
abstinence-questions,Abstinence
aca,ACA
ace-inhibitor-questions,Ace Inhibitor
acetaminophen-questions,Acetaminophen
acetone-questions,Acetone
achilles-tendon-questions,Achilles Tendon
acne-questions,Acne
actinic-keratosis-questions,Actinic Keratosis
acupuncture-questions,Acupuncture
acute-bronchitis-questions,Acute Bronchitis
acute-pancreatitis-questions,Acute Pancreatitis
acute-respiratory-distress-syndrome-questions,Acute Respiratory Distress Syndrome
acute-sinusitis-questions,Acute Sinusitis
addiction-questions,Addiction
adenoidectomy-questions,Adenoidectomy
adenoma-questions,Adenoma
adenomyosis-questions,Adenomyosis
adolescent-questions,Adolescent
adrenal-gland-questions,Adrenal Gland
adrenal-tumor-questions,Adrenal Tumor
adult-acne-questions,Adult Acne
affordable-care-act,Affordable Care Act
aggression-questions,Aggression
aggressive-behavior-questions,Aggressive Behavior
aging-questions,Aging
aids-questions,AIDS
air-quality-questions,Air Quality
alabama-questions,Alabama
albinism-questions,Albinism
alcohol-abuse-questions,Alcohol Abuse
alcohol-withdrawal-questions,Alcohol Withdrawal
alcoholic-beverage-questions,Alcoholic Beverage
alcoholism-questions,Alcoholism
allergic-asthma-questions,Allergic Asthma
allergic-conjunctivitis-questions,Allergic Conjunctivitis
allergic-reaction-questions,Allergic Reaction
allergy-questions,Allergy
almond-questions,Almond
aloe-questions,Aloe
aloe-vera-questions,Aloe Vera
alopecia-questions,Alopecia
alternative-medicine-questions,Alternative Medicine
alzheimers-disease-questions,Alzheimer's Disease
amino-acids-questions,Amino Acids
ammonia-questions,Ammonia
amnesia-questions,Amnesia
amoxicillin-questions,Amoxicillin
amputation-questions,Amputation
amyloidosis-questions,Amyloidosis
amyotrophic-lateral-sclerosis-questions,Amyotrophic Lateral Sclerosis
ana-test-questions,ANA Test
anal-abscess-questions,Anal Abscess
anal-cancer-questions,Anal Cancer
anal-fissure-questions,Anal Fissure
anal-wart-questions,Anal Wart
anaphylactic-shock-questions,Anaphylactic Shock
anaphylaxis-questions,Anaphylaxis
anastomosis-questions,Anastomosis
anatomy-questions,Anatomy
anemia-questions,Anemia
anesthesia-questions,Anesthesia
aneurysm-questions,Aneurysm
anger-management-questions,Anger Management
anger-questions,Anger
angina-questions,Angina
angiogram-questions,Angiogram
angioplasty-questions,Angioplasty
ankle-pain-questions,Ankle Pain
ankle-questions,Ankle
anorexia-questions,Anorexia
anterior-cruciate-ligament-injury-questions,Anterior Cruciate Ligament Injury
anti-aging-questions,Anti-Aging
anti-inflammatory-questions,Anti-Inflammatory
antibiotic-questions,Antibiotic
antibiotic-use-questions,Antibiotic Use
antidepressant-questions,Antidepressant
anus-questions,Anus
anxiety-questions,Anxiety
aorta-questions,Aorta
aortic-aneurysm-questions,Aortic Aneurysm
aortic-dissection-questions,Aortic Dissection
aortic-stenosis-questions,Aortic Stenosis
apathy-questions,Apathy
apnea-questions,Apnea
appendectomy-questions,Appendectomy
appendicitis-questions,Appendicitis
appendix-questions,Appendix
arm-questions,Arm
armpit-questions,Armpit
arrhythmia-questions,Arrhythmia
arrhythmias-questions,Arrhythmias
artery-questions,Artery
arthritis-questions,Arthritis
arthropathy-questions,Arthropathy
arthroscopy-questions,Arthroscopy
artificial-insemination-questions,Artificial Insemination
asbestosis-questions,Asbestosis
aspiration-questions,Aspiration
aspirin-questions,Aspirin
asthma-attack-questions,Asthma Attack
asthma-questions,Asthma
astigmatism-questions,Astigmatism
ataxia-questions,Ataxia
atherosclerosis-questions,Atherosclerosis
athletes-foot-questions,Athlete's Foot
atopic-dermatitis-questions,Atopic Dermatitis
atrial-fibrillation-questions,Atrial Fibrillation
atrial-flutter-questions,Atrial Flutter
atrophic-vaginitis-questions,Atrophic Vaginitis
atrophy-questions,Atrophy
attention-deficit-hyperactivity-disorder-questions,Attention Deficit Hyperactivity Disorder
auscultation-questions,Auscultation
autism-questions,Autism
autoimmune-disease-questions,Autoimmune Disease
autoimmune-disorder-questions,Autoimmune Disorder
autoimmune-hepatitis-questions,Autoimmune Hepatitis
b-complex-vitamins-questions,B Complex Vitamins
b12-questions,B12
baby-bottle-tooth-decay-questions,Baby Bottle Tooth Decay
baby-questions,Baby
bacitracin-questions,Bacitracin
back-pain-questions,Back Pain
bacterial-meningitis-questions,Bacterial Meningitis
bacterial-pneumonia-questions,Bacterial Pneumonia
bacterial-sexually-transmitted-disease-questions,Bacterial Sexually Transmitted Disease
bacterial-vaginosis-questions,Bacterial Vaginosis
bacterium-questions,Bacterium
bad-breath-questions,Bad Breath
balanitis-questions,Balanitis
baldness-questions,Baldness
barium-swallow-questions,Barium Swallow
bartholin-cyst-questions,Bartholin Cyst
basal-body-temperature-questions,Basal Body Temperature
basal-cell-carcinoma-questions,Basal Cell Carcinoma
bed-sore-questions,Bed Sore
bedbug-questions,Bedbug
bee-pollen-questions,Bee Pollen
bee-sting-questions,Bee Sting
belch-questions,Belch
bells-palsy-questions,Bell's Palsy
belly-button-questions,Belly Button
benign-paroxysmal-positional-vertigo-questions,Benign Paroxysmal Positional Vertigo
benign-prostatic-hyperplasia-questions,Benign Prostatic Hyperplasia
benign-questions,Benign
benzoyl-peroxide-questions,Benzoyl Peroxide
beta-blocker-questions,Beta Blocker
beta-carotene-questions,Beta Carotene
beta-thalassemia-questions,Beta Thalassemia
beverages-questions,Beverages
bi-pap-questions,Bi-Pap
bicep-questions,Bicep
big-toe-questions,Big Toe
binge-drinking-questions,Binge Drinking
biofeedback-questions,Biofeedback
bioidentical-hormone-questions,Bioidentical Hormone
biopsy-questions,Biopsy
bipolar-disorder-questions,Bipolar Disorder
birth-control-pill-questions,Birth Control Pill
birth-control-questions,Birth Control
birth-defect-questions,Birth Defect
birth-questions,Birth
birthmark-questions,Birthmark
black-eye-questions,Black Eye
bladder-cancer-questions,Bladder Cancer
bladder-questions,Bladder
bladder-repair-questions,Bladder Repair
bladder-spasm-questions,Bladder Spasm
bladder-stone-questions,Bladder Stone
blepharitis-questions,Blepharitis
blind-loop-syndrome-questions,Blind Loop Syndrome
blindness-questions,Blindness
blinking-questions,Blinking
blister-questions,Blister
bloating-questions,Bloating
blood-clot-questions,Blood Clot
blood-disorder-questions,Blood Disorder
blood-donation-questions,Blood Donation
blood-in-urine-questions,Blood In Urine
blood-loss-questions,Blood Loss
blood-pressure-questions,Blood Pressure
blood-sugar-questions,Blood Sugar
blood-test-questions,Blood Test
blood-thinner-questions,Blood Thinner
bloodshot-eye-questions,Bloodshot Eye
bmp-blood-test-questions,Bmp Blood Test
body-building-questions,Body Building
body-mass-index-questions,Body Mass Index
boil-questions,Boil
bone-cancer-questions,Bone Cancer
bone-density-test-questions,Bone Density Test
bone-marrow-questions,Bone Marrow
bone-spurs-questions,Bone Spurs
borderline-personality-disorder-questions,Borderline Personality Disorder
bow-leg-questions,Bow Leg
bowel-incontinence-questions,Bowel Incontinence
bowel-movement-questions,Bowel Movement
bradycardia-questions,Bradycardia
brain-aneurysm-questions,Brain Aneurysm
brain-cancer-questions,Brain Cancer
brain-hemorrhage-questions,Brain Hemorrhage
brain-questions,Brain
brain-tumor-questions,Brain Tumor
breast-augmentation-questions,Breast Augmentation
breast-biopsy-questions,Breast Biopsy
breast-cancer-questions,Breast Cancer
breast-enlargement-questions,Breast Enlargement
breast-fibroadenoma-questions,Breast Fibroadenoma
breast-pump-questions,Breast Pump
breast-questions,Breast
breast-self-exam-questions,Breast Self Exam
breastfeed-questions,Breastfeed
broken-arm-questions,Broken Arm
broken-bone-questions,Broken Bone
broken-finger-questions,Broken Finger
broken-foot-questions,Broken Foot
broken-leg-questions,Broken Leg
broken-shoulder-questions,Broken Shoulder
broken-toe-questions,Broken Toe
broken-tooth-questions,Broken Tooth
bronchiolitis-questions,Bronchiolitis
bronchitis-questions,Bronchitis
brown-rice-questions,Brown Rice
bruise-questions,Bruise
bruxism-questions,Bruxism
bulging-disc-questions,Bulging Disc
bulimia-nervosa-questions,Bulimia Nervosa
bundle-nerve-branch-block-questions,Bundle Nerve Branch Block
bunion-questions,Bunion
burn-questions,Burn
bursitis-questions,Bursitis
buttocks-questions,Buttocks
caffeine-questions,Caffeine
calamine-questions,Calamine
calcium-channel-blocker-questions,Calcium Channel Blocker
calcium-questions,Calcium
calf-questions,Calf
california-questions,California
callus-questions,Callus
calorie-questions,Calorie
cancer-questions,Cancer
candidiasis-questions,Candidiasis
canker-sore-questions,Canker Sore
canola-questions,Canola
car-sickness-questions,Car Sickness
carbohydrate-questions,Carbohydrate
carbon-dioxide-questions,Carbon Dioxide
carcinoma-questions,Carcinoma
cardiac-arrest-questions,Cardiac Arrest
cardiac-catheterization-questions,Cardiac Catheterization
cardiomyopathy-questions,Cardiomyopathy
cardiovascular-disease-questions,Cardiovascular Disease
cardiovascular-sys-questions,Cardiovascular Sys.
cardioversion-questions,Cardioversion
care-giver-questions,Care Giver
carotid-artery-questions,Carotid Artery
carpal-questions,Carpal
carpal-tunnel-syndrome-questions,Carpal Tunnel Syndrome
carrot-questions,Carrot
cartilage-questions,Cartilage
castor-oil-questions,Castor Oil
castration-questions,Castration
cat-scan-questions,CAT Scan
cat-scratch-disease-questions,Cat Scratch Disease
cataract-questions,Cataract
cataract-surgery-questions,Cataract Surgery
caterpillar-questions,Caterpillar
catheter-questions,Catheter
catheterization-questions,Catheterization
cats-questions,Cats
cauliflower-ear-questions,Cauliflower Ear
cavity-questions,Cavity
celiac-disease-questions,Celiac Disease
cellulite-questions,Cellulite
cellulitis-questions,Cellulitis
cellulose-questions,Cellulose
central-nervous-system-questions,Central Nervous System
cephalexin-questions,Cephalexin
cereal-questions,Cereal
cerebral-palsy-questions,Cerebral Palsy
cervical-biopsy-questions,Cervical Biopsy
cervical-cancer-questions,Cervical Cancer
cervical-conization-questions,Cervical Conization
cervical-disk-questions,Cervical Disk
cervical-mucus-questions,Cervical Mucus
cervical-spinal-stenosis-questions,Cervical Spinal Stenosis
cervical-spine-questions,Cervical Spine
cervix-questions,Cervix
cesarean-section-questions,Cesarean Section
chai-questions,Chai
chalazion-questions,Chalazion
chancroid-questions,Chancroid
charcot-marie-tooth-disease-questions,Charcot-Marie-Tooth Disease
cheekbones-questions,Cheekbones
chemical-pneumonia-questions,Chemical Pneumonia
chemotherapy-questions,Chemotherapy
cherry-angioma-questions,Cherry Angioma
chest-questions,Chest
chiari-malformation-questions,Chiari Malformation
chickenpox-questions,Chickenpox
chigger-questions,Chigger
child-abuse-questions,Child Abuse
childhood-obesity-questions,Childhood Obesity
chlamydia-questions,Chlamydia
chloride-questions,Chloride
choking-questions,Choking
cholecystectomy-questions,Cholecystectomy
cholera-questions,Cholera
cholesteatoma-questions,Cholesteatoma
cholesterol-questions,Cholesterol
chondromalacia-patella-questions,Chondromalacia Patella
chronic-fatigue-syndrome-questions,Chronic Fatigue Syndrome
chronic-obstructive-pulmonary-disease-questions,Chronic Obstructive Pulmonary Disease
chronic-pain-questions,Chronic Pain
circulation-questions,Circulation
circumcision-questions,Circumcision
cirrhosis-questions,Cirrhosis
ck-questions,CK
clavicle-questions,Clavicle
clitoris-questions,Clitoris
closed-head-injury-questions,Closed Head Injury
cluster-headache-questions,Cluster Headache
cocaine-questions,Cocaine
coccydynia-questions,Coccydynia
cocoa-questions,Cocoa
coconut-oil-questions,Coconut Oil
coffee-questions,Coffee
cold-cream-questions,Cold Cream
cold-questions,Cold
cold-sore-questions,Cold Sore
coldness-questions,Coldness
colectomy-questions,Colectomy
colic-questions,Colic
colitis-questions,Colitis
collagen-questions,Collagen
collapsed-lung-questions,Collapsed Lung
collarbone-questions,Collarbone
colloid-cyst-questions,Colloid Cyst
colon-cancer-questions,Colon Cancer
colon-questions,Colon
colon-resection-questions,Colon Resection
colonoscopy-questions,Colonoscopy
colorado-questions,Colorado
colostomy-questions,Colostomy
colposcopy-questions,Colposcopy
coma-questions,Coma
complete-blood-count-questions,Complete Blood Count
complex-regional-pain-syndrome-questions,Complex Regional Pain Syndrome
compulsive-eater-questions,Compulsive Eater
concentration-questions,Concentration
conception-questions,Conception
concussion-questions,Concussion
condom-questions,Condom
confusion-questions,Confusion
congestive-heart-failure-questions,Congestive Heart Failure
connecticut-questions,Connecticut
connective-tissue-disease-questions,Connective Tissue Disease
consciousness-questions,Consciousness
constipation-questions,Constipation
constriction-questions,Constriction
consumption-questions,Consumption
contact-dermatitis-questions,Contact Dermatitis
contusion-questions,Contusion
conversion-disorder-questions,Conversion Disorder
cooking-questions,Cooking
corn-oil-questions,Corn Oil
cornea-questions,Cornea
corneal-abrasion-questions,Corneal Abrasion
coronary-angioplasty-questions,Coronary Angioplasty
coronary-artery-bypass-questions,Coronary Artery Bypass
coronary-disease-questions,Coronary Disease
corpectomy-questions,Corpectomy
corpulence-questions,Corpulence
cortisol-questions,Cortisol
cortisone-questions,Cortisone
cosmetic-procedures-questions,Cosmetic Procedures
cosmetic-surgery-questions,Cosmetic Surgery
cough-questions,Cough
coughing-up-blood-questions,Coughing Up Blood
cpap-questions,CPAP
cradle-cap-questions,Cradle Cap
cramps-questions,Cramps
cranberry-questions,Cranberry
craniotomy-questions,Craniotomy
craving-questions,Craving
creatinine-questions,Creatinine
crohns-disease-questions,Crohn's Disease
croup-questions,Croup
crying-questions,Crying
cubital-tunnel-syndrome-questions,Cubital Tunnel Syndrome
cuts-questions,Cuts
cyst-questions,Cyst
cystic-acne-questions,Cystic Acne
cystic-fibrosis-questions,Cystic Fibrosis
cystoscopy-questions,Cystoscopy
dairy-product-questions,Dairy Product
dairy-questions,Dairy
dark-chocolate-questions,Dark Chocolate
decompression-sickness-questions,Decompression Sickness
deep-vein-thrombosis-questions,Deep Vein Thrombosis
deformity-questions,Deformity
degenerative-disc-disease-questions,Degenerative Disc Disease
dehydration-questions,Dehydration
delayed-ejaculation-questions,Delayed Ejaculation
delirium-questions,Delirium
delusions-questions,Delusions
dementia-questions,Dementia
dental-abscess-questions,Dental Abscess
dental-injury-questions,Dental Injury
dental-questions,Dental
depo-provera-questions,Depo-Provera
depression-questions,Depression
dermabrasion-questions,Dermabrasion
dermatitis-questions,Dermatitis
dessert-questions,Dessert
detached-retina-questions,Detached Retina
developmental-delay-questions,Developmental Delay
deviated-septum-questions,Deviated Septum
diabetes-questions,Diabetes
diabetic-coma-questions,Diabetic Coma
diabetic-neuropathy-questions,Diabetic Neuropathy
dialysis-questions,Dialysis
diaper-rash-questions,Diaper Rash
diaphragm-questions,Diaphragm
diarrhea-questions,Diarrhea
diet-pills-questions,Diet Pills
diet-questions,Diet
digestive-system-questions,Digestive System
dilated-cardiomyopathy-questions,Dilated Cardiomyopathy
disc-herniation-questions,Disc Herniation
dislocation-questions,Dislocation
disorientation-questions,Disorientation
diverticulitis-questions,Diverticulitis
diverticulosis-questions,Diverticulosis
dizziness-questions,Dizziness
dna-test-questions,DNA Test
dog-questions,Dog
domestic-violence-questions,Domestic Violence
dopamine-questions,Dopamine
double-vision-questions,Double Vision
dourine-questions,Dourine
down-syndrome-questions,Down Syndrome
drainage-questions,Drainage
drinking-questions,Drinking
drool-questions,Drool
drowning-questions,Drowning
drowsiness-questions,Drowsiness
drug-abuse-questions,Drug Abuse
drug-eruption-questions,Drug Eruption
drug-overdose-questions,Drug Overdose
drug-questions,Drug
drug-test-questions,Drug Test
dry-macular-degeneration-questions,Dry Macular Degeneration
dry-mouth-questions,Dry Mouth
dry-skin-questions,Dry Skin
dry-socket-questions,Dry Socket
duodenitis-questions,Duodenitis
dysentery-questions,Dysentery
dyshidrotic-eczema-questions,Dyshidrotic Eczema
dyslexia-questions,Dyslexia
dyslipidemia-questions,Dyslipidemia
dysphonia-questions,Dysphonia
dysplasia-questions,Dysplasia
dyspnea-questions,Dyspnea
e-coli-questions,E. Coli
ear-canal-questions,Ear Canal
ear-drum-questions,Ear Drum
ear-infection-questions,Ear Infection
eardrum-questions,Eardrum
ears-questions,Ears
earwax-blockage-questions,Earwax Blockage
easily-distracted-questions,Easily Distracted
eating-disorder-questions,Eating Disorder
ebola-hemorrhagic-fever-questions,Ebola Hemorrhagic Fever
echocardiogram-questions,Echocardiogram
ectopic-pregnancy-questions,Ectopic Pregnancy
edema-questions,Edema
egg-white-cervical-mucus-questions,Egg White Cervical Mucus
egg-whites-questions,Egg Whites
egg-yolks-questions,Egg Yolks
ehlers-danlos-syndrome-questions,Ehlers-Danlos Syndrome
ejaculation-questions,Ejaculation
elbow-questions,Elbow
electric-shock-questions,Electric Shock
electrocardiogram-questions,Electrocardiogram
electroconvulsive-therapy-questions,Electroconvulsive Therapy
electrocution-questions,Electrocution
electroencephalogram-questions,Electroencephalogram
electrogastrogram-questions,Electrogastrogram
electrolyte-questions,Electrolyte
emaciation-questions,Emaciation
embolism-questions,Embolism
emergency-room-questions,Emergency Room
emg-questions,Electromyography
emphysema-questions,Emphysema
encephalitis-questions,Encephalitis
encephalopathy-questions,Encephalopathy
endometrial-ablation-questions,Endometrial Ablation
endometrial-cancer-questions,Endometrial Cancer
endometriosis-questions,Endometriosis
endometrium-questions,Endometrium
endoscopy-questions,Endoscopy
enema-questions,Enema
enlarged-heart-questions,Enlarged Heart
eosinophilic-esophagitis-questions,Eosinophilic Esophagitis
epidermal-cyst-questions,Epidermal Cyst
epididymitis-questions,Epididymitis
epidural-questions,Epidural
epiglottitis-questions,Epiglottitis
epilepsy-questions,Epilepsy
epinephrine-questions,Epinephrine
epistaxis-questions,Epistaxis
erectile-dysfunction-questions,Erectile Dysfunction
erection-questions,Erection
erosion-questions,Erosion
erythema-nodosum-questions,Erythema Nodosum
erythema-questions,Erythema
esophageal-spasm-questions,Esophageal Spasm
esophagitis-questions,Esophagitis
esophagogastroduodenoscopy-questions,Esophagogastroduodenoscopy
esophagus-questions,Esophagus
essential-hypertension-questions,Essential Hypertension
essential-tremor-questions,Essential Tremor
estrogen-questions,Estrogen
eustachian-tube-dysfunction-questions,Eustachian Tube Dysfunction
exercise-questions,Exercise
exercise-stress-test-questions,Exercise Stress Test
exposure-questions,Exposure
eye-allergy-questions,Eye Allergy
eye-socket-questions,Eye Socket
eyeball-questions,Eyeball
eyebrow-questions,Eyebrow
eyelid-questions,Eyelid
eyes-questions,Eyes
facial-nerve-questions,Facial Nerve
facial-paralysis-questions,Facial Paralysis
failure-to-thrive-questions,Failure To Thrive
fainting-questions,Fainting
fallopian-tube-questions,Fallopian Tube
familial-combined-hyperlipidemia-questions,Familial Combined Hyperlipidemia
family-questions,Family
fasciitis-questions,Fasciitis
fasciotomy-questions,Fasciotomy
fast-food-questions,Fast Food
fatigue-questions,Fatigue
fatty-liver-disease-questions,Fatty Liver Disease
fear-questions,Fear
fecal-incontinence-questions,Fecal Incontinence
feeding-questions,Feeding
femur-questions,Femur
fertility-questions,Fertility
feta-cheese-questions,Feta Cheese
fetal-alcohol-syndrome-questions,Fetal Alcohol Syndrome
fetus-questions,Fetus
fever-blister-questions,Fever Blister
fever-questions,Fever
fiber-questions,Fiber
fibromyalgia-questions,Fibromyalgia
fibrosis-questions,Fibrosis
fifth-disease-questions,Fifth Disease
fig-questions,Fig
fine-needle-aspiration-questions,Fine Needle Aspiration
finger-questions,Finger
fingernail-questions,Fingernail
first-aid-questions,First Aid
first-trimester-questions,First Trimester
fish-questions,Fish
fissure-questions,Fissure
fistula-questions,Fistula
fitness-questions,Fitness
flashback-questions,Flashback
flat-feet-questions,Flat Feet
flatulence-questions,Flatulence
flax-questions,flax
flaxseed-oil-questions,flaxseed oil
flaxseed-questions,flaxseed
florida-questions,Florida
flour-questions,Flour
flu-questions,Flu
fluoride-questions,Fluoride
fluoroscopy-questions,Fluoroscopy
folic-acid-questions,Folic Acid
folliculitis-questions,Folliculitis
food-allergy-questions,Food Allergy
food-poisoning-questions,Food Poisoning
food-questions,Food
foot-questions,Foot
forearm-questions,Forearm
forehead-questions,Forehead
foreskin-questions,Foreskin
foreskin-restoration-questions,Foreskin Restoration
forgetfulness-questions,Forgetfulness
fracture-questions,Fracture
freckle-questions,Freckle
fried-chicken-questions,Fried Chicken
frostbite-questions,Frostbite
frozen-yogurt-questions,Frozen Yogurt
fruit-questions,Fruit
fudge-questions,Fudge
furuncle-questions,Furuncle
fuzziness-questions,Fuzziness
gallbladder-cancer-questions,Gallbladder Cancer
gallbladder-disease-questions,Gallbladder Disease
gallbladder-questions,Gallbladder
gallbladder-removal-questions,Gallbladder Removal
gallstone-questions,Gallstone
ganglion-cyst-questions,Ganglion Cyst
ganglion-questions,Ganglion
garlic-questions,Garlic
gasoline-questions,Gasoline
gastric-bypass-surgery-questions,Gastric Bypass Surgery
gastritis-questions,Gastritis
gastroenteritis-questions,Gastroenteritis
gastroparesis-questions,Gastroparesis
gender-questions,Gender
general-anesthesia-questions,General Anesthesia
generalized-epilepsy-questions,Generalized Epilepsy
genetic-disorder-questions,Genetic Disorder
genetic-testing-questions,Genetic Testing
genital-herpes-questions,Genital Herpes
genital-wart-questions,Genital Wart
genitalia-questions,Genitalia
geographic-tongue-questions,Geographic Tongue
georgia-questions,Georgia
gestational-diabetes-questions,Gestational Diabetes
giddiness-questions,Giddiness
ginger-questions,Ginger
gingivitis-questions,Gingivitis
ginkgo-biloba-questions,Ginkgo Biloba
ginseng-questions,Ginseng
glaucoma-questions,Glaucoma
glycerin-questions,Glycerin
goiter-questions,Goiter
gonorrhea-questions,Gonorrhea
gout-questions,Gout
graft-questions,Graft
grains-questions,Grains
granuloma-annulare-questions,Granuloma Annulare
grape-questions,Grape
grapefruit-questions,Grapefruit
graves-disease-questions,Graves Disease
grayness-questions,Grayness
grief-questions,Grief
grip-questions,Grip
growth-hormone-deficiency-questions,Growth Hormone Deficiency
gum-disease-questions,Gum Disease
gynecomastia-questions,Gynecomastia
h-pylori-questions,H. Pylori
hair-loss-questions,Hair Loss
hair-questions,Hair
hallucination-questions,Hallucination
hamburger-questions,Hamburger
hammertoe-questions,Hammertoe
hamstring-questions,Hamstring
hand-foot-and-mouth-disease-questions,Hand Foot And Mouth Disease
hand-questions,Hand
hand-surgery-questions,Hand Surgery
hay-fever-questions,Hay Fever
head-injury-questions,Head Injury
head-lice-questions,Head Lice
head-questions,Head
headache-questions,Headache
healing-questions,Healing
health-food-questions,Health Food
health-insurance,Health insurance
health-insurance-exchange,Health Insurance Exchange
health-insurance-marketplace,Health Insurance Marketplace
healthy-eating-questions,Healthy Eating
hearing-loss-questions,Hearing Loss
hearing-test-questions,Hearing Test
heart-aneurysm-questions,Heart Aneurysm
heart-attack-questions,Heart Attack
heart-block-questions,Heart Block
heart-disease-questions,Heart Disease
heart-murmur-questions,Heart Murmur
heart-questions,Heart
heart-rhythm-disorder-questions,Heart Rhythm Disorder
heart-surgery-questions,Heart Surgery
heart-valve-questions,Heart Valve
heartburn-questions,Heartburn
heat-exhaustion-questions,Heat Exhaustion
heat-intolerance-questions,Heat Intolerance
heat-rash-questions,Heat Rash
heat-stroke-questions,Heat Stroke
heel-questions,Heel
heel-spur-questions,Heel Spur
height-questions,Height
hemangioma-questions,Hemangioma
hematoma-questions,Hematoma
hematospermia-questions,Hematospermia
hemmorhoid-questions,Hemmorhoid
hemochromatosis-questions,Hemochromatosis
hemoglobin-questions,Hemoglobin
hemorrhoid-questions,Hemorrhoid
hemorrhoidectomy-questions,Hemorrhoidectomy
henoch-schonlein-purpura-questions,Henoch-Schonlein Purpura
hepatitis-a-questions,Hepatitis A
hepatitis-b-questions,Hepatitis B
hepatitis-c-questions,Hepatitis C
hepatitis-questions,Hepatitis
hepatobiliary-iminodiacetic-acid-scan-questions,Hepatobiliary Iminodiacetic Acid Scan
hepatocellular-carcinoma-questions,Hepatocellular Carcinoma
herb-questions,Herb
hernia-questions,Hernia
hernia-repair-questions,Hernia Repair
herniated-disc-questions,Herniated Disc
herniated-disk-questions,Herniated Disk
herpes-questions,Herpes
herpes-simplex-questions,Herpes Simplex
herpetic-whitlow-questions,Herpetic Whitlow
hiatal-hernia-questions,Hiatal Hernia
hiccup-questions,Hiccup
high-blood-pressure-questions,High Blood Pressure
high-cholesterol-questions,High Cholesterol
high-fructose-corn-syrup-questions,High Fructose Corn Syrup
high-protein-diet-questions,High Protein Diet
high-risk-pregnancy-questions,High-Risk Pregnancy
hike-questions,Hike
hip-pain-questions,Hip Pain
hip-replacement,Hip Replacement
hirschsprungs-disease-questions,Hirschsprung's Disease
hirsutism-questions,Hirsutism
hissing-questions,Hissing
histrionic-personality-disorder-questions,Histrionic Personality Disorder
hiv-questions,HIV
hiv-test-questions,HIV Test
hives-questions,Hives
hoarseness-questions,Hoarseness
hodgkins-lymphoma-questions,Hodgkin's Lymphoma
honey-questions,Honey
hookworm-questions,Hookworm
hormonal-therapy-questions,Hormonal Therapy
hormone-imbalance-questions,Hormone Imbalance
hormone-questions,Hormone
hormone-replacement-therapy-questions,Hormone Replacement Therapy
horners-syndrome-questions,Horner's Syndrome
hot-dog-questions,Hot Dog
hot-flash-questions,Hot Flash
human-growth-hormone-questions,Human Growth Hormone
human-papillomavirus-questions,Human Papillomavirus
hunger-questions,Hunger
hydrocele-questions,Hydrocele
hydrocephalus-questions,Hydrocephalus
hydrocodone-questions,Hydrocodone
hydrocortisone-questions,Hydrocortisone
hydrogen-peroxide-questions,Hydrogen Peroxide
hydronephrosis-questions,Hydronephrosis
hymen-questions,Hymen
hyperactive-behavior-questions,Hyperactive Behavior
hyperactivity-questions,Hyperactivity
hyperglycemia-questions,Hyperglycemia
hyperhidrosis-questions,Hyperhidrosis
hyperkalemia-questions,Hyperkalemia
hyperlipidemia-questions,Hyperlipidemia
hyperpigmentation-questions,Hyperpigmentation
hyperplasia-questions,Hyperplasia
hypersensitivity-questions,Hypersensitivity
hyperthermia-questions,Hyperthermia
hyperthyroidism-questions,Hyperthyroidism
hypertrophic-cardiomyopathy-questions,Hypertrophic Cardiomyopathy
hyperventilation-questions,Hyperventilation
hypoglycemia-questions,Hypoglycemia
hypogonadism-questions,Hypogonadism
hyponatremia-questions,Hyponatremia
hypospadias-questions,Hypospadias
hypothermia-questions,Hypothermia
hypothyroidism-questions,Hypothyroidism
hypoventilation-questions,Hypoventilation
hysterectomy-questions,Hysterectomy
ibuprofen-questions,Ibuprofen
ice-cream-questions,Ice Cream
ichthyosis-questions,Ichthyosis
icing-questions,Icing
ileostomy-questions,Ileostomy
immune-system-questions,Immune System
immunization-questions,Immunization
immunodeficiency-questions,Immunodeficiency
immunotherapy-questions,Immunotherapy
impetigo-questions,Impetigo
implant-radiation-questions,Implant Radiation
impotence-questions,Impotence
impulsiveness-questions,Impulsiveness
in-vitro-fertilization-questions,In Vitro Fertilization
incontinence-questions,Incontinence
index-finger-questions,Index Finger
indiana-questions,Indiana
indigestion-questions,Indigestion
infant-formula-questions,Infant Formula
infant-questions,Infant
infarction-questions,Infarction
infection-questions,Infection
infertility-questions,Infertility
inflammation-questions,Inflammation
inflammatory-bowel-disease-questions,Inflammatory Bowel Disease
infusion-questions,Infusion
ingrown-nail-questions,Ingrown Nail
ingrown-toenail-questions,Ingrown Toenail
inhaler-questions,Inhaler
injection-questions,Injection
injury-questions,Injury
insect-bite-questions,Insect Bite
insect-sting-questions,Insect Sting
insomnia-questions,Insomnia
instability-questions,Instability
insulin-questions,Insulin
insulin-resistance-questions,Insulin Resistance
insurance-questions,Insurance
internal-bleeding-questions,Internal Bleeding
interstitial-cystitis-questions,Interstitial Cystitis
intestine-questions,Intestine
intrauterine-device-questions,Intrauterine Device
intrauterine-insemination-questions,Intrauterine Insemination
iodine-questions,Iodine
iris-questions,Iris
iron-deficiency-anemia-questions,Iron Deficiency Anemia
iron-questions,Iron
irregularity-questions,Irregularity
irritability-questions,Irritability
irritable-bowel-syndrome-questions,Irritable Bowel Syndrome
ischemia-questions,Ischemia
itch-questions,Itch
jalapeno-questions,Jalapeno
jaundice-questions,Jaundice
jaw-questions,Jaw
jelly-questions,Jelly
jet-lag-questions,Jet Lag
jock-itch-questions,Jock Itch
juice-questions,Juice
kale-questions,Kale
keloid-questions,Keloid
kentucky-questions,Kentucky
keratoconus-questions,Keratoconus
keratosis-pilaris-questions,Keratosis Pilaris
kernel-questions,Kernel
ketchup-questions,Ketchup
ketogenic-diet-questions,Ketogenic Diet
kidney-cancer-questions,Kidney Cancer
kidney-disease-questions,Kidney Disease
kidney-failure-questions,Kidney Failure
kidney-infection-questions,Kidney Infection
kidney-questions,Kidney
kidney-stone-questions,Kidney Stone
kiwi-questions,Kiwi
klinefelters-syndrome-questions,Klinefelter's Syndrome
knee-pain-questions,Knee Pain
knee-questions,Knee
knocked-out-tooth-questions,Knocked Out Tooth
kyphosis-questions,Kyphosis
labor-questions,Labor
laboratory-test-questions,Laboratory Test
lactase-questions,Lactase
lactate-questions,Lactate
lactic-acid-questions,Lactic Acid
lactose-intolerance-questions,Lactose Intolerance
lactose-questions,Lactose
laminectomy-questions,Laminectomy
laminotomy-questions,Laminotomy
lap-band-surgery-questions,Lap-Band Surgery
laparoscopic-surgery-questions,Laparoscopic Surgery
laparoscopy-questions,Laparoscopy
laparotomy-questions,Laparotomy
large-intestine-questions,Large Intestine
laryngitis-questions,Laryngitis
larynx-questions,Larynx
laser-therapy-questions,Laser Therapy
lasik-questions,LASIK
lazy-eye-questions,Lazy Eye
learning-disability-questions,Learning Disability
leep-questions,LEEP
left-ventricular-hypertrophy-questions,Left Ventricular Hypertrophy
leg-questions,Leg
legg-calve-perthes-disease-questions,Legg-Calve-Perthes Disease
lemon-questions,Lemon
lens-questions,Lens
lentil-questions,Lentil
leprosy-questions,Leprosy
lettuce-questions,Lettuce
leukemia-questions,Leukemia
leukoplakia-questions,Leukoplakia
lh-level-questions,LH Level
li-fraumeni-syndrome-questions,Li-Fraumeni Syndrome
libido-questions,Libido
lice-infestation-questions,Lice Infestation
lice-questions,Lice
ligament-questions,Ligament
lightheadedness-questions,Lightheadedness
limb-questions,Limb
lime-questions,Lime
lip-questions,Lip
lipid-questions,Lipid
liposuction-questions,Liposuction
lithium-questions,Lithium
lithotomy-questions,Lithotomy
lithotripsy-questions,Lithotripsy
little-finger-questions,Little Finger
liver-function-test-questions,Liver Function Test
liver-questions,Liver
liver-spots-questions,Liver Spots
lobectomy-questions,Lobectomy
lobster-questions,Lobster
lockjaw-questions,Lockjaw
long-term-effect-questions,Long-Term Effect
lotion-questions,Lotion
louisiana-questions,Louisiana
low-blood-pressure-questions,Low Blood Pressure
low-carb-diet-questions,Low Carb Diet
low-hemoglobin-level-questions,Low Hemoglobin Level
low-red-blood-cell-count-questions,Low Red Blood Cell Count
low-self-esteem-questions,Low Self-Esteem
lower-jaw-questions,Lower Jaw
lubricants-questions,Lubricants
lumbar-puncture-questions,Lumbar Puncture
lumbar-spinal-stenosis-questions,Lumbar Spinal Stenosis
lump-questions,Lump
lumpectomy-questions,Lumpectomy
lung-cancer-questions,Lung Cancer
lung-disease-questions,Lung Disease
lung-questions,Lung
lupus-questions,Lupus
luteinizing-hormone-questions,Luteinizing Hormone
lyme-disease-questions,Lyme Disease
lymph-node-questions,Lymph Node
lymphedema-questions,Lymphedema
lymphoma-questions,Lymphoma
macadamia-questions,Macadamia
macular-degeneration-questions,Macular Degeneration
magnesium-questions,Magnesium
magnetic-resonance-imaging-questions,Magnetic Resonance Imaging
makeup-questions,Makeup
malaria-questions,Malaria
male-pattern-baldness-questions,Male Pattern Baldness
malnutrition-questions,Malnutrition
mammogram-questions,Mammogram
mango-questions,Mango
mania-questions,Mania
manic-depressive-questions,Manic Depressive
maple-questions,Maple
margarine-questions,Margarine
marijuana-questions,Marijuana
mashed-potato-questions,Mashed Potato
massage-questions,Massage
mastectomy-questions,Mastectomy
mastoidectomy-questions,Mastoidectomy
mastoiditis-questions,Mastoiditis
masturbation-questions,Masturbation
mayonnaise-questions,Mayonnaise
meal-questions,Meal
measles-questions,Measles
meat-questions,Meat
medicaid,Medicaid
medicare-questions,Medicare
meditation-questions,Meditation
melanoma-questions,Melanoma
melasma-questions,Melasma
melatonin-questions,Melatonin
memory-loss-questions,Memory Loss
menieres-disease-questions,Meniere's Disease
meningioma-questions,Meningioma
meningitis-questions,Meningitis
meningococcal-questions,Meningococcal
meniscus-questions,Meniscus
menopause-questions,Menopause
menstrual-cramp-questions,Menstrual Cramp
menstrual-questions,Menstrual
mental-breakdown-questions,Mental Breakdown
mental-health-questions,Mental Health
mercury-poisoning-questions,Mercury Poisoning
merkel-cell-carcinoma-questions,Merkel Cell Carcinoma
mesothelioma-questions,Mesothelioma
metabolic-syndrome-questions,Metabolic Syndrome
metabolism-questions,Metabolism
metamucil-questions,Metamucil
metastasis-questions,Metastasis
metatarsalgia-questions,Metatarsalgia
methadone-questions,Methadone
methicillin-resistant-staphylococcus-aureus-questions,methicillin resistant staphylococcus aureus
michigan-questions,Michigan
middle-ear-questions,Middle Ear
migraine-questions,Migraine
milk-questions,Milk
mineral-oil-questions,Mineral Oil
mineral-water-questions,Mineral Water
mint-questions,Mint
miscarriage-questions,Miscarriage
mite-questions,Mite
mitochondrial-myopathy-questions,Mitochondrial Myopathy
mitral-valve-prolapse-questions,Mitral Valve Prolapse
molar-questions,Molar
mold-questions,Mold
mole-questions,Mole
molluscum-contagiosum-questions,Molluscum Contagiosum
monoamine-oxidase-inhibitor-questions,Monoamine Oxidase Inhibitor
mononucleosis-questions,Mononucleosis
mood-swing-questions,Mood Swing
morbid-obesity-questions,Morbid Obesity
morning-after-pill-questions,Morning After Pill
morning-sickness-questions,Morning Sickness
morphine-questions,Morphine
motion-sickness-questions,Motion Sickness
motor-neuron-disease-questions,Motor Neuron Disease
mouth-questions,Mouth
mouth-ulcers-questions,Mouth Ulcers
movement-questions,Movement
mozzarella-questions,Mozzarella
mucus-questions,Mucus
multiple-sclerosis-questions,Multiple Sclerosis
multivitamin-questions,Multivitamin
multivitamins-questions,Multivitamins
mumps-questions,Mumps
muscle-questions,Muscle
muscular-dystrophy-questions,Muscular Dystrophy
mushroom-questions,Mushroom
myasthenia-gravis-questions,Myasthenia Gravis
myelogram-questions,Myelogram
myeloma-questions,Myeloma
myoclonus-questions,Myoclonus
myomectomy-questions,Myomectomy
myopathy-questions,Myopathy
nafld-questions,NAFLD
nail-fungus-questions,Nail Fungus
nail-questions,Nail
naproxen-questions,Naproxen
narcolepsy-questions,Narcolepsy
narcotic-questions,Narcotic
nasal-spray-questions,Nasal Spray
nash-questions,NASH
nausea-questions,Nausea
nebulization-questions,Nebulization
neck-questions,Neck
necrosis-questions,Necrosis
nephrectomy-questions,Nephrectomy
nerve-block-questions,Nerve Block
nerve-questions,Nerve
nervousness-questions,Nervousness
neural-tube-defect-questions,Neural Tube Defect
neuralgia-questions,Neuralgia
neuritis-questions,Neuritis
neurogenic-bladder-questions,Neurogenic Bladder
neurological-disease-questions,Neurological Disease
neuropathy-questions,Neuropathy
newborn-jaundice-questions,Newborn Jaundice
newborn-questions,Newborn
newyork-questions,New York
niacin-questions,Niacin
nicotine-questions,Nicotine
night-terror-questions,Night Terror
nightmare-questions,Nightmare
nipple-questions,Nipple
nodule-questions,Nodule
non-small-cell-lung-cancer-questions,Non-Small Cell Lung Cancer
noodle-questions,Noodle
northnarolina-questions,North Carolina
nose-questions,Nose
nostril-questions,Nostril
nsaid-questions,Nsaid
numbness-questions,Numbness
nutrition-questions,Nutrition
oatmeal-questions,Oatmeal
obamacare,Obamacare
obesity-questions,Obesity
obsessive-compulsive-disorder-questions,Obsessive-Compulsive Disorder
obstructive-sleep-apnea-questions,Obstructive Sleep Apnea
occulta-questions,Occulta
occupational-therapy-questions,Occupational Therapy
ohio-questions,Ohio
oil-questions,Oil
okra-questions,Okra
olive-questions,Olive
omega-3-questions,Omega-3
onion-questions,Onion
open-heart-surgery-questions,Open Heart Surgery
optic-nerve-questions,Optic Nerve
oral-cancer-questions,Oral Cancer
oral-glucose-tolerance-test-questions,Oral Glucose Tolerance Test
oral-herpes-questions,Oral Herpes
orange-questions,Orange
orchiectomy-questions,Orchiectomy
orchitis-questions,Orchitis
oregon-questions,Oregon
organ-questions,Organ
orgasm-questions,Orgasm
osteoarthritis-questions,Osteoarthritis
osteonecrosis-questions,Osteonecrosis
osteopenia-questions,Osteopenia
osteoporosis-questions,Osteoporosis
osteotomy-questions,Osteotomy
ostomy-questions,Ostomy
otitis-externa-questions,Otitis Externa
otitis-media-with-effusion-questions,Otitis Media With Effusion
ovarian-cancer-questions,Ovarian Cancer
ovarian-cyst-questions,Ovarian Cyst
ovary-questions,Ovary
over-the-counter-questions,Over The Counter
overactive-bladder-questions,Overactive Bladder
ovulation-calculator-questions,Ovulation Calculator
ovulation-chart-questions,Ovulation Chart
ovulation-prediction-kit-questions,Ovulation Prediction Kit
ovulation-questions,Ovulation
oxycodone-questions,Oxycodone
oxygen-questions,Oxygen
oyster-questions,Oyster
pacemaker-questions,Pacemaker
pain-management-questions,Pain Management
pain-questions,Pain
pain-relief-questions,Pain Relief
painful-ovulation-questions,Painful Ovulation
painful-urination-questions,Painful Urination
painkiller-questions,Painkiller
palate-questions,Palate
palpation-questions,Palpation
palpitation-questions,Palpitation
pancreas-questions,Pancreas
pancreatic-cancer-questions,Pancreatic Cancer
pancreatitis-questions,Pancreatitis
panic-attack-questions,Panic Attack
panic-disorder-questions,Panic Disorder
pap-test-questions,Pap Test
paralysis-questions,Paralysis
paranoia-questions,Paranoia
paranoid-behavior-questions,Paranoid Behavior
paraphimosis-questions,Paraphimosis
paraplegia-questions,Paraplegia
parasite-questions,Parasite
parenting-questions,Parenting
paresthesia-questions,Paresthesia
parkinsons-disease-questions,Parkinson's Disease
paronychia-questions,Paronychia
parsley-questions,Parsley
pasta-questions,Pasta
pastry-questions,Pastry
pea-questions,Pea
peach-questions,Peach
peanut-butter-questions,Peanut Butter
peanut-questions,Peanut
pear-questions,Pear
pecan-questions,Pecan
pectoral-muscle-questions,Pectoral Muscle
pedialyte-questions,Pedialyte
pellagra-questions,Pellagra
pelvic-area-questions,Pelvic Area
pelvic-exam-questions,Pelvic Exam
pelvic-inflammatory-disease-questions,Pelvic Inflammatory Disease
pelvic-pain-questions,Pelvic Pain
pelvis-questions,Pelvis
penicillin-questions,Penicillin
penile-cancer-questions,Penile Cancer
penis-questions,Penis
pepper-questions,Pepper
peppermint-oil-questions,Peppermint Oil
peppermint-questions,Peppermint
pepperoni-questions,Pepperoni
peptic-ulcer-questions,Peptic Ulcer
perforated-eardrum-questions,Perforated Eardrum
pericarditis-questions,Pericarditis
perimenopause-questions,Perimenopause
period-questions,Period
periodontitis-questions,Periodontitis
perioral-dermatitis-questions,Perioral Dermatitis
peripheral-artery-disease-questions,Peripheral Artery Disease
peripheral-neuropathy-questions,Peripheral Neuropathy
peripheral-vascular-disease-questions,Peripheral Vascular Disease
pernicious-anemia-questions,Pernicious Anemia
personality-disorder-questions,Personality Disorder
pervasive-development-disorders-questions,Pervasive Development Disorders
pets-questions,Pets
pharyngitis-questions,Pharyngitis
phlebotomy-questions,Phlebotomy
phobia-questions,Phobia
photophobia-questions,Photophobia
photosensitivity-questions,Photosensitivity
physical-therapy-questions,Physical Therapy
pickle-questions,Pickle
pie-questions,Pie
piercing-questions,Piercing
pilates-questions,Pilates
pilonidal-cyst-questions,Pilonidal Cyst
pinched-nerve-questions,Pinched Nerve
pineapple-questions,Pineapple
pink-eye-questions,Pink Eye
pinworm-questions,Pinworm
pituitary-gland-questions,Pituitary Gland
pituitary-tumor-questions,Pituitary Tumor
pizza-questions,Pizza
placenta-questions,Placenta
plant-questions,Plant
plantar-fasciitis-questions,Plantar Fasciitis
plantar-wart-questions,Plantar Wart
plaque-questions,Plaque
plastic-surgery-questions,Plastic Surgery
platelet-questions,Platelet
pleurisy-questions,Pleurisy
pneumonia-questions,Pneumonia
poison-ivy-questions,Poison Ivy
poison-oak-questions,Poison Oak
poisoning-questions,Poisoning
polio-questions,Polio
polycystic-ovarian-syndrome-questions,Polycystic Ovarian Syndrome
polymyositis-questions,Polymyositis
polyp-questions,Polyp
popcorn-questions,Popcorn
poppy-questions,Poppy
poppy-seed-questions,Poppy Seed
pore-questions,Pore
pork-questions,Pork
porphyria-questions,Porphyria
positron-emission-tomography-scan-questions,Positron Emission Tomography Scan
post-concussion-syndrome-questions,Post-Concussion Syndrome
post-menopause-questions,Post-Menopause
post-nasal-drip-questions,Post Nasal Drip
post-traumatic-stress-disorder-questions,Post-Traumatic Stress Disorder
posterior-cruciate-ligament-injury-questions,Posterior Cruciate Ligament Injury
postpartum-depression-questions,Postpartum Depression
pot-roast-questions,Pot Roast
potassium-chloride-questions,Potassium Chloride
potassium-questions,Potassium
potato-questions,Potato
pre-existing-condition,pre-existing condition
pre-school-questions,Pre-School
precocious-puberty-questions,Precocious Puberty
preeclampsia-questions,Preeclampsia
pregnancy-questions,Pregnancy
pregnancy-test-questions,Pregnancy Test
premature-ejaculation-questions,Premature Ejaculation
premature-menopause-questions,Premature Menopause
premenstrual-syndrome-questions,Premenstrual Syndrome
prenatal-vitamin-questions,Prenatal Vitamin
preservative-questions,Preservative
pressure-questions,Pressure
pressure-ulcer-questions,Pressure Ulcer
preterm-labor-questions,Preterm Labor
priapism-questions,Priapism
primary-biliary-cirrhosis-questions,Primary Biliary Cirrhosis
prolapsed-bladder-questions,Prolapsed Bladder
prolapsed-uterus-questions,Prolapsed Uterus
prostate-cancer-questions,Prostate Cancer
prostate-questions,Prostate
prostate-specific-antigen-test-questions,Prostate-Specific Antigen Test
prostatectomy-questions,Prostatectomy
prostatitis-questions,Prostatitis
protein-questions,Protein
protein-s-deficiency-questions,Protein S Deficiency
proton-pump-inhibitor-questions,Proton Pump Inhibitor
psoriasis-questions,Psoriasis
psoriatic-arthritis-questions,Psoriatic Arthritis
psychosis-questions,Psychosis
psychotherapy-questions,Psychotherapy
puberty-questions,Puberty
pubic-lice-questions,Pubic Lice
pudding-questions,Pudding
puffiness-questions,Puffiness
pulmonary-embolism-questions,Pulmonary Embolism
pulmonary-hypertension-questions,Pulmonary Hypertension
pulse-questions,Pulse
pumpkin-questions,Pumpkin
puncture-questions,Puncture
puncture-wound-questions,Puncture Wound
pupil-questions,Pupil
purpura-questions,Purpura
pyelonephritis-questions,Pyelonephritis
quit-smoking-questions,Quit Smoking
rabies-questions,Rabies
radial-keratotomy-questions,Radial Keratotomy
radiation-sickness-questions,Radiation Sickness
radical-prostatectomy-questions,Radical Prostatectomy
radiculopathy-questions,Radiculopathy
radish-questions,Radish
range-of-motion-questions,Range Of Motion
rapid-strep-test-questions,Rapid Strep Test
rash-questions,Rash
raspberry-questions,Raspberry
raynauds-phenomenon-questions,Raynaud's Phenomenon
razor-burn-questions,Razor Burn
reaction-questions,Reaction
reactive-attachment-disorder-questions,Reactive Attachment Disorder
recipe-questions,Recipe
reconstructive-surgery-questions,Reconstructive Surgery
rectal-prolapse-questions,Rectal Prolapse
rectum-questions,Rectum
red-raspberry-questions,Red Raspberry
red-wine-questions,Red Wine
referred-pain-questions,Referred Pain
reflex-questions,Reflux
rehabilitation-questions,Rehabilitation
renal-cell-carcinoma-questions,Renal Cell Carcinoma
resection-questions,Resection
restless-leg-syndrome-questions,Restless Leg Syndrome
restless-legs-syndrome-questions,Restless Legs Syndrome
restlessness-questions,Restlessness
retina-questions,Retina
retinitis-pigmentosa-questions,Retinitis Pigmentosa
retrograde-ejaculation-questions,Retrograde Ejaculation
rhabdomyosarcoma-questions,Rhabdomyosarcoma
rheumatic-fever-questions,Rheumatic Fever
rheumatoid-arthritis-questions,Rheumatoid Arthritis
rhinitis-questions,Rhinitis
rhinoplasty-questions,Rhinoplasty
ribcage-questions,Ribcage
riboflavin-questions,Riboflavin
rice-milk-questions,Rice Milk
rice-questions,Rice
rickets-questions,Rickets
ring-finger-questions,Ring Finger
ringworm-questions,Ringworm
roast-questions,Roast
rocky-mountain-spotted-fever-questions,Rocky Mountain Spotted Fever
rosacea-questions,Rosacea
roseola-questions,Roseola
rotator-cuff-injury-questions,Rotator Cuff Injury
rotator-cuff-questions,Rotator Cuff
running-questions,Running
runny-nose-questions,Runny Nose
ruptured-eardrum-questions,Ruptured Eardrum
rye-questions,Rye
sacroiliac-joint-questions,Sacroiliac Joint
sadness-questions,Sadness
salad-dressing-questions,Salad Dressing
salad-questions,Salad
salicylic-acid-questions,Salicylic Acid
salivary-gland-questions,Salivary Gland
salmon-questions,Salmon
salpingectomy-questions,Salpingectomy
salt-questions,Salt
sarcoma-questions,Sarcoma
sausage-questions,Sausage
scabies-questions,Scabies
scalp-questions,Scalp
scapula-questions,Scapula
scar-questions,Scar
scarlet-fever-questions,Scarlet Fever
schizophrenia-questions,Schizophrenia
sciatica-questions,Sciatica
scleroderma-questions,Scleroderma
scoliosis-questions,Scoliosis
scrape-questions,Scrape
screening-questions,Screening
scrotum-questions,Scrotum
sea-sickness-questions,Sea Sickness
seafood-questions,Seafood
seasoning-questions,Seasoning
seborrhea-questions,Seborrhea
seborrheic-dermatitis-questions,Seborrheic Dermatitis
second-degree-burn-questions,Second Degree Burn
second-hand-smoke-questions,Second-Hand Smoke
second-trimester-questions,Second Trimester
secondary-amenorrhea-questions,Secondary Amenorrhea
seeds-questions,Seeds
seizure-disorder-questions,Seizure Disorder
seizure-questions,Seizure
self-exam-questions,Self-Exam
senility-questions,Senility
separation-anxiety-questions,Separation Anxiety
sepsis-questions,Sepsis
septic-shock-questions,Septic Shock
serotonin-questions,Serotonin
severe-allergic-reaction-questions,Severe Allergic Reaction
severe-morning-sickness-questions,Severe Morning Sickness
sexual-abuse-questions,Sexual Abuse
sexual-assault-questions,Sexual Assault
sexual-dysfunction-questions,Sexual Dysfunction
sexual-intercourse-questions,Sexual Intercourse
sexual-problem-questions,Sexual Problem
sexually-transmitted-disease-questions,Sexually Transmitted Disease
sgpt-questions,SGPT
shallot-questions,Shallot
shaving-questions,Shaving
shellfish-questions,Shellfish
shift-work-sleep-disorder-questions,Shift Work Sleep Disorder
shin-questions,Shin
shingles-questions,Shingles
shock-questions,Shock
short-attention-span-questions,Short Attention Span
short-stature-questions,Short Stature
short-term-memory-loss-questions,Short-Term Memory Loss
shoulder-blade-questions,Shoulder Blade
shoulder-bursitis-questions,Shoulder Bursitis
shoulder-questions,Shoulder
shrimp-questions,Shrimp
sids-questions,SIDS
sigmoidoscopy-questions,Sigmoidoscopy
sinus-bradycardia-questions,Sinus Bradycardia
sinus-infection-questions,Sinus Infection
sinus-questions,Sinus
skin-cancer-questions,Skin Cancer
skin-questions,Skin
skin-tag-questions,Skin Tag
skull-fracture-questions,Skull Fracture
skull-questions,Skull
sleep-apnea-questions,Sleep Apnea
sleep-disorder-questions,Sleep Disorder
sleepiness-questions,Sleepiness
sleepwalking-questions,Sleepwalking
slipped-disc-questions,Slipped Disc
small-cell-lung-cancer-questions,Small Cell Lung Cancer
small-intestine-questions,Small Intestine
smell-questions,Smell
smoking-questions,Smoking
snack-questions,Snack
snorer-questions,Snorer
social-phobia-questions,Social Phobia
soda-questions,Soda
sodium-chloride-questions,Sodium Chloride
sodium-questions,Sodium
soft-tissue-questions,Soft Tissue
sore-questions,Sore
sore-throat-questions,Sore Throat
soup-questions,Soup
sour-cream-questions,Sour Cream
south-beach-diet-questions,South Beach Diet
soy-milk-questions,Soy Milk
soy-questions,Soy
spaghetti-questions,Spaghetti
spasm-questions,Spasm
specific-phobias-questions,Specific Phobias
sperm-questions,Sperm
sphincter-questions,Sphincter
spider-bite-questions,Spider Bite
spider-vein-questions,Spider Vein
spina-bifida-questions,Spina Bifida
spinach-questions,Spinach
spinal-cord-injury-questions,Spinal Cord Injury
spinal-cord-questions,Spinal Cord
spinal-fusion-questions,Spinal Fusion
spinal-injury-questions,Spinal Injury
spinal-meningitis-questions,Spinal Meningitis
spinal-stenosis-questions,Spinal Stenosis
spine-questions,Spine
spit-questions,Spit
spitting-up-questions,Spitting Up
splint-questions,Splint
splinter-questions,Splinter
spondylitis-questions,Spondylitis
spotting-questions,Spotting
sprain-questions,Sprain
squash-questions,Squash
st-johns-wort-questions,St. John's Wort
staph-infection-questions,Staph Infection
staphylococcus-aureus-questions,Staphylococcus Aureus
std-test-questions,STD Test
stem-cell-questions,Stem Cell
stem-cell-treatment-questions,Stem Cell Treatment
stent-questions,Stent
sternum-questions,Sternum
steroid-questions,Steroid
stiff-person-syndrome-questions,Stiff Person Syndrome
stillbirth-questions,Stillbirth
sting-questions,Sting
stitches-questions,Stitches
stomach-cancer-questions,Stomach Cancer
stomach-questions,Stomach
stomachache-questions,Stomachache
stomatitis-questions,Stomatitis
stool-culture-questions,Stool Culture
strawberry-questions,Strawberry
strep-throat-questions,Strep Throat
stress-fracture-questions,Stress Fracture
stress-incontinence-questions,Stress Incontinence
stress-questions,Stress
stretch-mark-questions,Stretch Mark
stroke-questions,Stroke
stuffy-nose-questions,Stuffy Nose
sty-questions,Sty
subconjunctival-hemorrhage-questions,Subconjunctival Hemorrhage
subdural-hematoma-questions,Subdural Hematoma
suicide-questions,Suicide
sulfur-questions,Sulfur
sunburn-questions,Sunburn
sunflower-questions,Sunflower
sunscreen-questions,Sunscreen
supplement-questions,Supplement
surgery-questions,Surgery
sushi-questions,Sushi
swallow-questions,Swallow
swallowing-problem-questions,Swallowing Problem
sweating-questions,Sweating
sweet-potato-questions,Sweet Potato
swelling-questions,Swelling
swimmers-ear-questions,Swimmer's Ear
swine-flu-questions,Swine Flu
syphilis-questions,Syphilis
syrup-questions,Syrup
systematic-desensitization-questions,Systematic Desensitization
systemic-questions,Systemic
tachycardia-questions,Tachycardia
tai-chi-questions,Tai Chi
tailbone-questions,Tailbone
talc-questions,Talc
tampon-questions,Tampon
tapeworm-infection-questions,Tapeworm Infection
tar-syndrome-questions,Tar Syndrome
tardive-dyskinesia-questions,Tardive Dyskinesia
target-heart-rate-questions,Target Heart Rate
taste-questions,Taste
tattoo-questions,Tattoo
tea-questions,Tea
tea-tree-oil-questions,Tea Tree Oil
tear-duct-questions,Tear Duct
teething-questions,Teething
temper-tantrums-questions,Temper Tantrums
temperature-questions,Temperature
temporomandibular-joint-disorder-questions,Temporomandibular Joint Disorder
tenderness-questions,Tenderness
tendinitis-questions,Tendinitis
tendon-questions,Tendon
tendonitis-questions,Tendonitis
tennis-elbow-questions,Tennis Elbow
tension-headache-questions,Tension Headache
testicle-questions,Testicle
testicular-cancer-questions,Testicular Cancer
testicular-torsion-questions,Testicular Torsion
testosterone-questions,Testosterone
tetanus-questions,Tetanus
texas-questions,Texas
thallium-stress-test-questions,Thallium Stress Test
therapeutic-questions,Therapeutic
thermal-ablation-questions,Thermal Ablation
thermometer-questions,Thermometer
thigh-questions,Thigh
third-trimester-questions,Third Trimester
thirst-questions,Thirst
thoracotomy-questions,Thoracotomy
throat-questions,Throat
thrombosis-questions,Thrombosis
thrush-questions,Thrush
thumb-questions,Thumb
thymoma-questions,Thymoma
thyroid-cancer-questions,Thyroid Cancer
thyroid-disease-questions,Thyroid Disease
thyroid-nodule-questions,Thyroid Nodule
thyroid-questions,Thyroid
thyroidectomy-questions,Thyroidectomy
thyroiditis-questions,Thyroiditis
tibia-questions,Tibia
tic-questions,Tic
tick-bite-questions,Tick Bite
tick-questions,Tick
tightness-questions,Tightness
tinea-versicolor-questions,Tinea Versicolor
tinnitus-questions,Tinnitus
tobacco-questions,Tobacco
toddler-questions,Toddler
toe-questions,Toe
toenail-fungus-questions,Toenail Fungus
toenail-questions,Toenail
tofu-questions,Tofu
tomato-questions,Tomato
tongue-questions,Tongue
tonsil-questions,Tonsil
tonsillectomy-questions,Tonsillectomy
tonsillitis-questions,Tonsillitis
tooth-abscess-questions,Tooth Abscess
tooth-decay-questions,Tooth Decay
tooth-questions,Tooth
toothache-questions,Toothache
torso-questions,Torso
torticollis-questions,Torticollis
toxic-epidermal-necrolysis-questions,Toxic Epidermal Necrolysis
toxic-shock-syndrome-questions,Toxic Shock Syndrome
trachea-questions,Trachea
tracheotomy-questions,Tracheotomy
transcutaneous-electric-nerve-stimulation-questions,Transcutaneous Electric Nerve Stimulation
transfusion-questions,Transfusion
transient-ischemia-attack-questions,Transient Ischemia Attack
transplant-questions,Transplant
transvaginal-ultrasound-questions,Transvaginal Ultrasound
trauma-questions,Trauma
travel-questions,Travel
travelers-diarrhea-questions,Traveler's Diarrhea
treadmill-questions,Treadmill
tremor-questions,Tremor
trench-foot-questions,Trench Foot
trichinosis-questions,Trichinosis
trichomoniasis-questions,Trichomoniasis
trichotillomania-questions,Trichotillomania
tricuspid-regurgitation-questions,Tricuspid Regurgitation
trigeminal-neuralgia-questions,Trigeminal Neuralgia
trigger-finger-questions,Trigger Finger
triglyceride-questions,Triglyceride
tryptophan-questions,Tryptophan
tubal-ligation-questions,Tubal Ligation
tubal-reversal-questions,Tubal Reversal
tuberculosis-questions,Tuberculosis
tumor-questions,Tumor
tuna-questions,Tuna
turkey-questions,Turkey
type-1-diabetes-questions,Type 1 Diabetes
type-2-diabetes-questions,Type 2 Diabetes
typhoid-questions,Typhoid
typhoid-vaccine-questions,Typhoid Vaccine
typhus-questions,Typhus
ulcer-questions,Ulcer
ulcerative-colitis-questions,Ulcerative Colitis
ultrasonography-questions,Ultrasonography
ultrasound-questions,Ultrasound
underactive-thyroid-questions,Underactive Thyroid
undescended-testicle-questions,Undescended Testicle
unstable-angina-questions,Unstable Angina
urea-questions,Urea
urethra-questions,Urethra
urethral-stricture-questions,Urethral Stricture
urethritis-questions,Urethritis
uric-acid-questions,Uric Acid
urinalysis-questions,Urinalysis
urinary-incontinence-questions,Urinary Incontinence
urinary-tract-infection-questions,Urinary Tract Infection
urinary-tract-questions,Urinary Tract
urination-questions,Urination
urodynamic-test-questions,Urodynamic Test
urostomy-questions,Urostomy
utah-questions,Utah
uterine-cancer-questions,Uterine Cancer
uterine-fibroid-questions,Uterine Fibroid
uterine-fibroids-questions,Uterine Fibroids
uterine-prolapse-questions,Uterine Prolapse
uterus-questions,Uterus
vaccination-questions,Vaccination
vaccines-questions,Vaccines
vagina-questions,Vagina
vaginal-discharge-questions,Vaginal Discharge
vaginal-hysterectomy-questions,Vaginal Hysterectomy
vaginal-yeast-infection-questions,Vaginal Yeast Infection
vaginismus-questions,Vaginismus
vaginitis-questions,Vaginitis
valley-fever-questions,Valley Fever
varicocele-questions,Varicocele
varicose-vein-questions,Varicose Vein
vascular-dementia-questions,Vascular Dementia
vascular-ring-questions,Vascular Ring
vasculitis-questions,Vasculitis
vasectomy-questions,Vasectomy
vasovagal-episode-questions,Vasovagal Episode
vegetable-questions,Vegetable
vein-questions,Vein
venous-insufficiency-questions,Venous Insufficiency
ventricle-questions,Ventricle
ventricular-tachycardia-questions,Ventricular Tachycardia
vertebra-questions,Vertebra
vertigo-questions,Vertigo
vinegar-questions,Vinegar
viral-pneumonia-questions,Viral Pneumonia
virginia-questions,Virginia
virus-questions,Virus
vision-problems-questions,Vision Problems
vision-questions,Vision
vitamin-a-questions,Vitamin A
vitamin-c-questions,Vitamin C
vitamin-d-deficiency-questions,Vitamin D Deficiency
vitamin-d-questions,Vitamin D
vitamin-e-questions,Vitamin E
vitamin-k-questions,Vitamin K
vitamin-questions,Vitamin
vitiligo-questions,Vitiligo
vocal-cord-questions,Vocal Cord
vomit-questions,Vomit
vomiting-blood-questions,Vomiting Blood
vulvar-cancer-questions,Vulvar Cancer
waist-questions,Waist
walking-questions,Walking
walnut-questions,Walnut
wart-questions,Wart
watermelon-questions,Watermelon
watery-eyes-questions,Watery Eyes
weakness-questions,Weakness
weight-gain-questions,Weight Gain
weight-loss-pill-questions,Weight Loss Pill
weight-loss-questions,Weight Loss
weight-questions,Weight
welt-questions,Welt
west-nile-virus-questions,West Nile Virus
western-blot-test-questions,Western Blot Test
wheat-bran-questions,Wheat Bran
wheat-questions,Wheat
whiplash-questions,Whiplash
whitehead-questions,Whitehead
whole-wheat-questions,Whole Wheat
whooping-cough-questions,Whooping Cough
wine-questions,Wine
wisdom-tooth-questions,Wisdom Tooth
wool-questions,Wool
workout-questions,Workout
worm-questions,Worm
wound-care-questions,Wound Care
wound-questions,Wound
wrinkle-questions,Wrinkle
wrist-pain-questions,Wrist Pain
wrist-questions,Wrist
wyoming-questions,Wyoming
x-ray-questions,X-ray
yam-questions,Yam
yeast-infection-questions,Yeast Infection
yeast-questions,Yeast
yellow-fever-questions,Yellow Fever
yoga-questions,Yoga
yogurt-questions,Yogurt
zinc-oxide-questions,Zinc Oxide
zinc-questions,Zinc
zucchini-questions,Zucchini
